--
-- PostgreSQL database dump
--

-- Dumped from database version 16.2
-- Dumped by pg_dump version 16.2

SET statement_timeout = 0;
SET lock_timeout = 0;
SET idle_in_transaction_session_timeout = 0;
SET client_encoding = 'UTF8';
SET standard_conforming_strings = on;
SELECT pg_catalog.set_config('search_path', '', false);
SET check_function_bodies = false;
SET xmloption = content;
SET client_min_messages = warning;
SET row_security = off;

--
-- Name: pg_trgm; Type: EXTENSION; Schema: -; Owner: -
--

CREATE EXTENSION IF NOT EXISTS pg_trgm WITH SCHEMA public;


--
-- Name: EXTENSION pg_trgm; Type: COMMENT; Schema: -; Owner: 
--

COMMENT ON EXTENSION pg_trgm IS 'text similarity measurement and index searching based on trigrams';


SET default_tablespace = '';

SET default_table_access_method = heap;

--
-- Name: auth_group; Type: TABLE; Schema: public; Owner: postgres
--

CREATE TABLE public.auth_group (
    id integer NOT NULL,
    name character varying(150) NOT NULL
);


ALTER TABLE public.auth_group OWNER TO postgres;

--
-- Name: auth_group_id_seq; Type: SEQUENCE; Schema: public; Owner: postgres
--

ALTER TABLE public.auth_group ALTER COLUMN id ADD GENERATED BY DEFAULT AS IDENTITY (
    SEQUENCE NAME public.auth_group_id_seq
    START WITH 1
    INCREMENT BY 1
    NO MINVALUE
    NO MAXVALUE
    CACHE 1
);


--
-- Name: auth_group_permissions; Type: TABLE; Schema: public; Owner: postgres
--

CREATE TABLE public.auth_group_permissions (
    id bigint NOT NULL,
    group_id integer NOT NULL,
    permission_id integer NOT NULL
);


ALTER TABLE public.auth_group_permissions OWNER TO postgres;

--
-- Name: auth_group_permissions_id_seq; Type: SEQUENCE; Schema: public; Owner: postgres
--

ALTER TABLE public.auth_group_permissions ALTER COLUMN id ADD GENERATED BY DEFAULT AS IDENTITY (
    SEQUENCE NAME public.auth_group_permissions_id_seq
    START WITH 1
    INCREMENT BY 1
    NO MINVALUE
    NO MAXVALUE
    CACHE 1
);


--
-- Name: auth_permission; Type: TABLE; Schema: public; Owner: postgres
--

CREATE TABLE public.auth_permission (
    id integer NOT NULL,
    name character varying(255) NOT NULL,
    content_type_id integer NOT NULL,
    codename character varying(100) NOT NULL
);


ALTER TABLE public.auth_permission OWNER TO postgres;

--
-- Name: auth_permission_id_seq; Type: SEQUENCE; Schema: public; Owner: postgres
--

ALTER TABLE public.auth_permission ALTER COLUMN id ADD GENERATED BY DEFAULT AS IDENTITY (
    SEQUENCE NAME public.auth_permission_id_seq
    START WITH 1
    INCREMENT BY 1
    NO MINVALUE
    NO MAXVALUE
    CACHE 1
);


--
-- Name: auth_user; Type: TABLE; Schema: public; Owner: postgres
--

CREATE TABLE public.auth_user (
    id integer NOT NULL,
    password character varying(128) NOT NULL,
    last_login timestamp with time zone,
    is_superuser boolean NOT NULL,
    username character varying(150) NOT NULL,
    first_name character varying(150) NOT NULL,
    last_name character varying(150) NOT NULL,
    email character varying(254) NOT NULL,
    is_staff boolean NOT NULL,
    is_active boolean NOT NULL,
    date_joined timestamp with time zone NOT NULL
);


ALTER TABLE public.auth_user OWNER TO postgres;

--
-- Name: auth_user_groups; Type: TABLE; Schema: public; Owner: postgres
--

CREATE TABLE public.auth_user_groups (
    id bigint NOT NULL,
    user_id integer NOT NULL,
    group_id integer NOT NULL
);


ALTER TABLE public.auth_user_groups OWNER TO postgres;

--
-- Name: auth_user_groups_id_seq; Type: SEQUENCE; Schema: public; Owner: postgres
--

ALTER TABLE public.auth_user_groups ALTER COLUMN id ADD GENERATED BY DEFAULT AS IDENTITY (
    SEQUENCE NAME public.auth_user_groups_id_seq
    START WITH 1
    INCREMENT BY 1
    NO MINVALUE
    NO MAXVALUE
    CACHE 1
);


--
-- Name: auth_user_id_seq; Type: SEQUENCE; Schema: public; Owner: postgres
--

ALTER TABLE public.auth_user ALTER COLUMN id ADD GENERATED BY DEFAULT AS IDENTITY (
    SEQUENCE NAME public.auth_user_id_seq
    START WITH 1
    INCREMENT BY 1
    NO MINVALUE
    NO MAXVALUE
    CACHE 1
);


--
-- Name: auth_user_user_permissions; Type: TABLE; Schema: public; Owner: postgres
--

CREATE TABLE public.auth_user_user_permissions (
    id bigint NOT NULL,
    user_id integer NOT NULL,
    permission_id integer NOT NULL
);


ALTER TABLE public.auth_user_user_permissions OWNER TO postgres;

--
-- Name: auth_user_user_permissions_id_seq; Type: SEQUENCE; Schema: public; Owner: postgres
--

ALTER TABLE public.auth_user_user_permissions ALTER COLUMN id ADD GENERATED BY DEFAULT AS IDENTITY (
    SEQUENCE NAME public.auth_user_user_permissions_id_seq
    START WITH 1
    INCREMENT BY 1
    NO MINVALUE
    NO MAXVALUE
    CACHE 1
);


--
-- Name: autor_autor; Type: TABLE; Schema: public; Owner: postgres
--

CREATE TABLE public.autor_autor (
    id bigint NOT NULL,
    nombres character varying(50) NOT NULL,
    apellidos character varying(50) NOT NULL,
    nacionalidad character varying(20) NOT NULL,
    edad integer NOT NULL,
    CONSTRAINT autor_autor_edad_check CHECK ((edad >= 0))
);


ALTER TABLE public.autor_autor OWNER TO postgres;

--
-- Name: autor_autor_id_seq; Type: SEQUENCE; Schema: public; Owner: postgres
--

ALTER TABLE public.autor_autor ALTER COLUMN id ADD GENERATED BY DEFAULT AS IDENTITY (
    SEQUENCE NAME public.autor_autor_id_seq
    START WITH 1
    INCREMENT BY 1
    NO MINVALUE
    NO MAXVALUE
    CACHE 1
);


--
-- Name: django_admin_log; Type: TABLE; Schema: public; Owner: postgres
--

CREATE TABLE public.django_admin_log (
    id integer NOT NULL,
    action_time timestamp with time zone NOT NULL,
    object_id text,
    object_repr character varying(200) NOT NULL,
    action_flag smallint NOT NULL,
    change_message text NOT NULL,
    content_type_id integer,
    user_id integer NOT NULL,
    CONSTRAINT django_admin_log_action_flag_check CHECK ((action_flag >= 0))
);


ALTER TABLE public.django_admin_log OWNER TO postgres;

--
-- Name: django_admin_log_id_seq; Type: SEQUENCE; Schema: public; Owner: postgres
--

ALTER TABLE public.django_admin_log ALTER COLUMN id ADD GENERATED BY DEFAULT AS IDENTITY (
    SEQUENCE NAME public.django_admin_log_id_seq
    START WITH 1
    INCREMENT BY 1
    NO MINVALUE
    NO MAXVALUE
    CACHE 1
);


--
-- Name: django_content_type; Type: TABLE; Schema: public; Owner: postgres
--

CREATE TABLE public.django_content_type (
    id integer NOT NULL,
    app_label character varying(100) NOT NULL,
    model character varying(100) NOT NULL
);


ALTER TABLE public.django_content_type OWNER TO postgres;

--
-- Name: django_content_type_id_seq; Type: SEQUENCE; Schema: public; Owner: postgres
--

ALTER TABLE public.django_content_type ALTER COLUMN id ADD GENERATED BY DEFAULT AS IDENTITY (
    SEQUENCE NAME public.django_content_type_id_seq
    START WITH 1
    INCREMENT BY 1
    NO MINVALUE
    NO MAXVALUE
    CACHE 1
);


--
-- Name: django_migrations; Type: TABLE; Schema: public; Owner: postgres
--

CREATE TABLE public.django_migrations (
    id bigint NOT NULL,
    app character varying(255) NOT NULL,
    name character varying(255) NOT NULL,
    applied timestamp with time zone NOT NULL
);


ALTER TABLE public.django_migrations OWNER TO postgres;

--
-- Name: django_migrations_id_seq; Type: SEQUENCE; Schema: public; Owner: postgres
--

ALTER TABLE public.django_migrations ALTER COLUMN id ADD GENERATED BY DEFAULT AS IDENTITY (
    SEQUENCE NAME public.django_migrations_id_seq
    START WITH 1
    INCREMENT BY 1
    NO MINVALUE
    NO MAXVALUE
    CACHE 1
);


--
-- Name: django_session; Type: TABLE; Schema: public; Owner: postgres
--

CREATE TABLE public.django_session (
    session_key character varying(40) NOT NULL,
    session_data text NOT NULL,
    expire_date timestamp with time zone NOT NULL
);


ALTER TABLE public.django_session OWNER TO postgres;

--
-- Name: lector_lector; Type: TABLE; Schema: public; Owner: postgres
--

CREATE TABLE public.lector_lector (
    id bigint NOT NULL,
    nombres character varying(50) NOT NULL,
    apellidos character varying(50) NOT NULL,
    nacionalidad character varying(20) NOT NULL,
    edad integer NOT NULL,
    CONSTRAINT lector_lector_edad_check CHECK ((edad >= 0))
);


ALTER TABLE public.lector_lector OWNER TO postgres;

--
-- Name: lector_lector_id_seq; Type: SEQUENCE; Schema: public; Owner: postgres
--

ALTER TABLE public.lector_lector ALTER COLUMN id ADD GENERATED BY DEFAULT AS IDENTITY (
    SEQUENCE NAME public.lector_lector_id_seq
    START WITH 1
    INCREMENT BY 1
    NO MINVALUE
    NO MAXVALUE
    CACHE 1
);


--
-- Name: lector_prestamo; Type: TABLE; Schema: public; Owner: postgres
--

CREATE TABLE public.lector_prestamo (
    id bigint NOT NULL,
    fecha_prestamo date NOT NULL,
    fecha_devolucion date,
    edad integer NOT NULL,
    lector_id bigint NOT NULL,
    libro_id bigint NOT NULL,
    CONSTRAINT lector_prestamo_edad_check CHECK ((edad >= 0))
);


ALTER TABLE public.lector_prestamo OWNER TO postgres;

--
-- Name: lector_prestamo_id_seq; Type: SEQUENCE; Schema: public; Owner: postgres
--

ALTER TABLE public.lector_prestamo ALTER COLUMN id ADD GENERATED BY DEFAULT AS IDENTITY (
    SEQUENCE NAME public.lector_prestamo_id_seq
    START WITH 1
    INCREMENT BY 1
    NO MINVALUE
    NO MAXVALUE
    CACHE 1
);


--
-- Name: libro_categoria; Type: TABLE; Schema: public; Owner: postgres
--

CREATE TABLE public.libro_categoria (
    id bigint NOT NULL,
    nombre character varying(30) NOT NULL
);


ALTER TABLE public.libro_categoria OWNER TO postgres;

--
-- Name: libro_categoria_id_seq; Type: SEQUENCE; Schema: public; Owner: postgres
--

ALTER TABLE public.libro_categoria ALTER COLUMN id ADD GENERATED BY DEFAULT AS IDENTITY (
    SEQUENCE NAME public.libro_categoria_id_seq
    START WITH 1
    INCREMENT BY 1
    NO MINVALUE
    NO MAXVALUE
    CACHE 1
);


--
-- Name: libro_libro; Type: TABLE; Schema: public; Owner: postgres
--

CREATE TABLE public.libro_libro (
    id bigint NOT NULL,
    titulo character varying(50) NOT NULL,
    fecha date NOT NULL,
    portada character varying(100),
    visitas integer NOT NULL,
    categoria_id bigint NOT NULL,
    CONSTRAINT libro_libro_visitas_check CHECK ((visitas >= 0))
);


ALTER TABLE public.libro_libro OWNER TO postgres;

--
-- Name: libro_libro_autores; Type: TABLE; Schema: public; Owner: postgres
--

CREATE TABLE public.libro_libro_autores (
    id bigint NOT NULL,
    libro_id bigint NOT NULL,
    autor_id bigint NOT NULL
);


ALTER TABLE public.libro_libro_autores OWNER TO postgres;

--
-- Name: libro_libro_autores_id_seq; Type: SEQUENCE; Schema: public; Owner: postgres
--

ALTER TABLE public.libro_libro_autores ALTER COLUMN id ADD GENERATED BY DEFAULT AS IDENTITY (
    SEQUENCE NAME public.libro_libro_autores_id_seq
    START WITH 1
    INCREMENT BY 1
    NO MINVALUE
    NO MAXVALUE
    CACHE 1
);


--
-- Name: libro_libro_id_seq; Type: SEQUENCE; Schema: public; Owner: postgres
--

ALTER TABLE public.libro_libro ALTER COLUMN id ADD GENERATED BY DEFAULT AS IDENTITY (
    SEQUENCE NAME public.libro_libro_id_seq
    START WITH 1
    INCREMENT BY 1
    NO MINVALUE
    NO MAXVALUE
    CACHE 1
);


--
-- Data for Name: auth_group; Type: TABLE DATA; Schema: public; Owner: postgres
--

COPY public.auth_group (id, name) FROM stdin;
\.


--
-- Data for Name: auth_group_permissions; Type: TABLE DATA; Schema: public; Owner: postgres
--

COPY public.auth_group_permissions (id, group_id, permission_id) FROM stdin;
\.


--
-- Data for Name: auth_permission; Type: TABLE DATA; Schema: public; Owner: postgres
--

COPY public.auth_permission (id, name, content_type_id, codename) FROM stdin;
1	Can add log entry	1	add_logentry
2	Can change log entry	1	change_logentry
3	Can delete log entry	1	delete_logentry
4	Can view log entry	1	view_logentry
5	Can add permission	2	add_permission
6	Can change permission	2	change_permission
7	Can delete permission	2	delete_permission
8	Can view permission	2	view_permission
9	Can add group	3	add_group
10	Can change group	3	change_group
11	Can delete group	3	delete_group
12	Can view group	3	view_group
13	Can add user	4	add_user
14	Can change user	4	change_user
15	Can delete user	4	delete_user
16	Can view user	4	view_user
17	Can add content type	5	add_contenttype
18	Can change content type	5	change_contenttype
19	Can delete content type	5	delete_contenttype
20	Can view content type	5	view_contenttype
21	Can add session	6	add_session
22	Can change session	6	change_session
23	Can delete session	6	delete_session
24	Can view session	6	view_session
25	Can add autor	7	add_autor
26	Can change autor	7	change_autor
27	Can delete autor	7	delete_autor
28	Can view autor	7	view_autor
29	Can add categoria	8	add_categoria
30	Can change categoria	8	change_categoria
31	Can delete categoria	8	delete_categoria
32	Can view categoria	8	view_categoria
33	Can add libro	9	add_libro
34	Can change libro	9	change_libro
35	Can delete libro	9	delete_libro
36	Can view libro	9	view_libro
37	Can add lector	10	add_lector
38	Can change lector	10	change_lector
39	Can delete lector	10	delete_lector
40	Can view lector	10	view_lector
41	Can add prestamo	11	add_prestamo
42	Can change prestamo	11	change_prestamo
43	Can delete prestamo	11	delete_prestamo
44	Can view prestamo	11	view_prestamo
\.


--
-- Data for Name: auth_user; Type: TABLE DATA; Schema: public; Owner: postgres
--

COPY public.auth_user (id, password, last_login, is_superuser, username, first_name, last_name, email, is_staff, is_active, date_joined) FROM stdin;
1	pbkdf2_sha256$600000$zsaAIZGDxBKoJVUZvSjh0b$4U99C6oWsCR0YC7ynnnvh2orXOWMAhO52XWgsIlsJts=	2024-11-15 18:14:31.995716-06	t	David			prueba@gmail.com	t	t	2024-11-15 18:14:24.640338-06
\.


--
-- Data for Name: auth_user_groups; Type: TABLE DATA; Schema: public; Owner: postgres
--

COPY public.auth_user_groups (id, user_id, group_id) FROM stdin;
\.


--
-- Data for Name: auth_user_user_permissions; Type: TABLE DATA; Schema: public; Owner: postgres
--

COPY public.auth_user_user_permissions (id, user_id, permission_id) FROM stdin;
\.


--
-- Data for Name: autor_autor; Type: TABLE DATA; Schema: public; Owner: postgres
--

COPY public.autor_autor (id, nombres, apellidos, nacionalidad, edad) FROM stdin;
1	Gabriel	Garcia Marquez	Colombiana	87
2	Leopoldo	Marechal	Argentino	70
3	Mario	Vargas Llosa	Peruano	64
4	Octavio	Paz	Mexicana	80
5	Elena	Poniatowka	Mexicana	32
6	Pablo	Neruda	Chile	69
\.


--
-- Data for Name: django_admin_log; Type: TABLE DATA; Schema: public; Owner: postgres
--

COPY public.django_admin_log (id, action_time, object_id, object_repr, action_flag, change_message, content_type_id, user_id) FROM stdin;
1	2024-11-15 18:18:12.711882-06	1	1-Gabriel-Garcia Marquez	1	[{"added": {}}]	7	1
2	2024-11-15 18:18:42.265841-06	2	2-Leopoldo-Marechal	1	[{"added": {}}]	7	1
3	2024-11-15 18:19:25.355639-06	3	3-Mario-Vargas Llosa	1	[{"added": {}}]	7	1
4	2024-11-15 18:20:34.96542-06	4	4-Octavio-Paz	1	[{"added": {}}]	7	1
5	2024-11-15 18:21:31.833171-06	5	5-Elena-Poniatowka	1	[{"added": {}}]	7	1
6	2024-11-15 18:22:41.35282-06	6	6-Pablo-Neruda	1	[{"added": {}}]	7	1
7	2024-11-15 18:24:24.703265-06	1	Carlos	1	[{"added": {}}]	10	1
8	2024-11-15 18:24:44.33112-06	2	Maria	1	[{"added": {}}]	10	1
9	2024-11-15 18:25:18.306566-06	3	John	1	[{"added": {}}]	10	1
10	2024-11-15 18:25:51.34115-06	4	Anna	1	[{"added": {}}]	10	1
11	2024-11-15 18:26:21.167961-06	5	Yuki	1	[{"added": {}}]	10	1
12	2024-11-15 18:26:48.644092-06	6	Fatima	1	[{"added": {}}]	10	1
13	2024-11-15 18:27:40.852812-06	7	Liam	1	[{"added": {}}]	10	1
14	2024-11-15 18:28:03.931164-06	8	Sofia	1	[{"added": {}}]	10	1
15	2024-11-15 18:28:36.677101-06	9	Pierre	1	[{"added": {}}]	10	1
16	2024-11-15 18:28:51.955677-06	10	Chen	1	[{"added": {}}]	10	1
17	2024-11-15 18:29:27.59782-06	1	1-Ficcion	1	[{"added": {}}]	8	1
18	2024-11-15 18:29:37.621891-06	2	2-No Ficcion	1	[{"added": {}}]	8	1
19	2024-11-15 18:29:44.309488-06	3	3-Misterio	1	[{"added": {}}]	8	1
20	2024-11-15 18:29:52.103149-06	4	4-Ciencia Ficcion	1	[{"added": {}}]	8	1
21	2024-11-15 18:29:58.534772-06	5	5-Fantasia	1	[{"added": {}}]	8	1
22	2024-11-15 18:30:06.733024-06	6	6-Romance	1	[{"added": {}}]	8	1
23	2024-11-15 18:30:17.612183-06	7	7-Bibliografia	1	[{"added": {}}]	8	1
24	2024-11-15 18:30:30.997016-06	8	8-Historia	1	[{"added": {}}]	8	1
25	2024-11-15 18:30:38.764665-06	9	9-Autoayuda	1	[{"added": {}}]	8	1
26	2024-11-15 18:30:43.11893-06	10	10-Aventura	1	[{"added": {}}]	8	1
27	2024-11-15 18:35:07.845138-06	1	1-Cien años de soledad	1	[{"added": {}}]	9	1
28	2024-11-15 18:36:59.907666-06	2	2-1984	1	[{"added": {}}]	9	1
29	2024-11-15 18:38:08.657953-06	3	3-Spiens:De animales a dioses	1	[{"added": {}}]	9	1
30	2024-11-15 18:39:04.094555-06	4	4-Educated	1	[{"added": {}}]	9	1
31	2024-11-15 18:39:59.120707-06	5	5-El codigo Da Vinci	1	[{"added": {}}]	9	1
32	2024-11-15 18:40:54.629641-06	6	6-Asesinato en el Orient Express	1	[{"added": {}}]	9	1
33	2024-11-15 18:41:57.631714-06	7	7-Dune	1	[{"added": {}}]	9	1
34	2024-11-15 18:42:38.21158-06	8	8-Fahrenheit 451	1	[{"added": {}}]	9	1
35	2024-11-15 18:43:58.474635-06	9	9-EL señor de los anillos: La comunidad del anillo	1	[{"added": {}}]	9	1
36	2024-11-15 18:44:54.284062-06	10	10-Harry Potter y la piedra filosofal	1	[{"added": {}}]	9	1
37	2024-11-15 18:46:15.228689-06	1	Cien años de soledad	1	[{"added": {}}]	11	1
38	2024-11-15 18:47:45.506571-06	2	1984	1	[{"added": {}}]	11	1
39	2024-11-15 18:48:31.788123-06	3	Spiens:De animales a dioses	1	[{"added": {}}]	11	1
40	2024-11-15 18:49:06.490885-06	4	Educated	1	[{"added": {}}]	11	1
41	2024-11-15 18:49:43.7057-06	5	El codigo Da Vinci	1	[{"added": {}}]	11	1
42	2024-11-15 18:52:36.933088-06	6	Asesinato en el Orient Express	1	[{"added": {}}]	11	1
43	2024-11-15 18:53:30.283013-06	7	Dune	1	[{"added": {}}]	11	1
44	2024-11-15 18:54:15.721597-06	8	Fahrenheit 451	1	[{"added": {}}]	11	1
45	2024-11-15 18:54:46.106009-06	9	EL señor de los anillos: La comunidad del anillo	1	[{"added": {}}]	11	1
46	2024-11-15 18:55:06.702613-06	10	Harry Potter y la piedra filosofal	1	[{"added": {}}]	11	1
47	2024-11-15 18:55:25.715916-06	11	Harry Potter y la piedra filosofal	1	[{"added": {}}]	11	1
\.


--
-- Data for Name: django_content_type; Type: TABLE DATA; Schema: public; Owner: postgres
--

COPY public.django_content_type (id, app_label, model) FROM stdin;
1	admin	logentry
2	auth	permission
3	auth	group
4	auth	user
5	contenttypes	contenttype
6	sessions	session
7	autor	autor
8	libro	categoria
9	libro	libro
10	lector	lector
11	lector	prestamo
\.


--
-- Data for Name: django_migrations; Type: TABLE DATA; Schema: public; Owner: postgres
--

COPY public.django_migrations (id, app, name, applied) FROM stdin;
1	contenttypes	0001_initial	2024-11-15 14:23:38.696375-06
2	auth	0001_initial	2024-11-15 14:23:39.570165-06
3	admin	0001_initial	2024-11-15 14:23:39.748816-06
4	admin	0002_logentry_remove_auto_add	2024-11-15 14:23:39.757174-06
5	admin	0003_logentry_add_action_flag_choices	2024-11-15 14:23:39.767009-06
6	contenttypes	0002_remove_content_type_name	2024-11-15 14:23:39.794745-06
7	auth	0002_alter_permission_name_max_length	2024-11-15 14:23:39.802263-06
8	auth	0003_alter_user_email_max_length	2024-11-15 14:23:39.810433-06
9	auth	0004_alter_user_username_opts	2024-11-15 14:23:39.817167-06
10	auth	0005_alter_user_last_login_null	2024-11-15 14:23:39.822802-06
11	auth	0006_require_contenttypes_0002	2024-11-15 14:23:39.827282-06
12	auth	0007_alter_validators_add_error_messages	2024-11-15 14:23:39.83339-06
13	auth	0008_alter_user_username_max_length	2024-11-15 14:23:39.8895-06
14	auth	0009_alter_user_last_name_max_length	2024-11-15 14:23:39.899049-06
15	auth	0010_alter_group_name_max_length	2024-11-15 14:23:39.910458-06
16	auth	0011_update_proxy_permissions	2024-11-15 14:23:39.918485-06
17	auth	0012_alter_user_first_name_max_length	2024-11-15 14:23:39.926573-06
18	autor	0001_initial	2024-11-15 14:23:40.076942-06
19	autor	0002_rename_nacinalidad_autor_nacionalidad	2024-11-15 14:23:40.085716-06
20	libro	0001_initial	2024-11-15 14:23:40.55882-06
21	libro	0002_alter_libro_portada	2024-11-15 14:23:40.564548-06
22	libro	0003_alter_libro_categoria	2024-11-15 14:23:40.570111-06
23	lector	0001_initial	2024-11-15 14:23:40.836054-06
24	lector	0002_alter_prestamo_libro	2024-11-15 14:23:40.842698-06
25	sessions	0001_initial	2024-11-15 14:23:41.03763-06
26	autor	0003_rename_nombre_autor_nombres	2024-11-25 13:39:08.809377-06
27	autor	0004_alter_autor_nacionalidad	2024-11-25 13:40:50.231357-06
28	lector	0003_alter_lector_nacionalidad	2024-11-25 13:40:50.402035-06
\.


--
-- Data for Name: django_session; Type: TABLE DATA; Schema: public; Owner: postgres
--

COPY public.django_session (session_key, session_data, expire_date) FROM stdin;
j79mhqua4mrdsobowbh9e5ryhjdwg6r8	.eJxVjEEOwiAQRe_C2pChBVpcuu8ZCMwwUjWQlHZlvLtt0oVu33v_v4UP25r91tLiZxJXocTll8WAz1QOQY9Q7lViLesyR3kk8rRNTpXS63a2fwc5tLyvIwEM0Y1a96Y3AdgwWHadAW2ZFVlD1pq04xCTYjuiYkCHSVMXEQbx-QLZZTg1:1tC6SO:P8CQoy5ZbEyGEtwi91wqJ3J5nSQjMEVkgiIfjqosx4I	2024-11-29 18:14:32.020776-06
\.


--
-- Data for Name: lector_lector; Type: TABLE DATA; Schema: public; Owner: postgres
--

COPY public.lector_lector (id, nombres, apellidos, nacionalidad, edad) FROM stdin;
1	Carlos	Garcia	español	28
2	Maria	Lopez	Mexicana	34
3	John	Smith	Estadounidense	45
4	Anna	Muller	Alemana	30
5	Yuki	Tanaka	Japones	25
6	Fatima	Al-Sayed	Egipcia	29
7	Liam	O'Connor	Irlandés	38
8	Sofia	Rossi	Italiana	27
9	Pierre	Dubois	Frances	40
10	Chen	Wei	Chino	32
\.


--
-- Data for Name: lector_prestamo; Type: TABLE DATA; Schema: public; Owner: postgres
--

COPY public.lector_prestamo (id, fecha_prestamo, fecha_devolucion, edad, lector_id, libro_id) FROM stdin;
1	2000-01-06	2000-01-16	35	1	1
2	2015-02-25	2015-02-28	35	2	2
3	2022-09-22	2022-09-30	15	3	3
4	2023-11-13	2024-05-06	54	4	4
5	2022-01-12	2023-12-13	25	5	5
6	2021-04-05	2022-12-20	64	6	6
7	2020-07-14	2024-04-16	38	7	7
8	2016-11-05	2016-12-01	57	8	8
9	2016-11-09	2016-12-01	29	9	9
10	2024-11-28	2016-12-01	68	10	10
11	2024-11-01	2024-11-28	36	1	10
\.


--
-- Data for Name: libro_categoria; Type: TABLE DATA; Schema: public; Owner: postgres
--

COPY public.libro_categoria (id, nombre) FROM stdin;
1	Ficcion
2	No Ficcion
3	Misterio
4	Ciencia Ficcion
5	Fantasia
6	Romance
7	Bibliografia
8	Historia
9	Autoayuda
10	Aventura
\.


--
-- Data for Name: libro_libro; Type: TABLE DATA; Schema: public; Owner: postgres
--

COPY public.libro_libro (id, titulo, fecha, portada, visitas, categoria_id) FROM stdin;
1	Cien años de soledad	1967-05-06	portada/DW1_E6BLGr9.jpg	1000	1
2	1984	1949-06-08	portada/DW1.jpg	1001	1
3	Spiens:De animales a dioses	2011-09-04	portada/DW1_gKAh4QK.jpg	1002	2
4	Educated	2018-02-20	portada/DW1_zCkZRxP.jpg	1003	2
5	El codigo Da Vinci	2003-05-18	portada/DW1_BxpJhyd.jpg	1004	3
6	Asesinato en el Orient Express	1934-01-01	portada/DW1_5PN2b21.jpg	1005	3
7	Dune	1965-08-01	portada/DW1_I8xPBDs.jpg	1006	4
8	Fahrenheit 451	1953-10-19	portada/DW1_vo1UEzd.jpg	1007	5
9	EL señor de los anillos: La comunidad del anillo	1954-07-29	portada/DW1_Fb5ACuk.jpg	1008	7
10	Harry Potter y la piedra filosofal	1997-06-26	portada/DW1_mYYwXZL.jpg	1009	10
\.


--
-- Data for Name: libro_libro_autores; Type: TABLE DATA; Schema: public; Owner: postgres
--

COPY public.libro_libro_autores (id, libro_id, autor_id) FROM stdin;
1	1	1
2	2	4
3	2	5
4	2	6
5	3	2
6	4	2
7	4	3
8	4	4
9	5	3
10	6	4
11	6	5
12	7	4
13	8	5
14	9	5
15	9	6
16	10	1
17	10	2
18	10	3
19	10	4
20	10	5
21	10	6
\.


--
-- Name: auth_group_id_seq; Type: SEQUENCE SET; Schema: public; Owner: postgres
--

SELECT pg_catalog.setval('public.auth_group_id_seq', 1, false);


--
-- Name: auth_group_permissions_id_seq; Type: SEQUENCE SET; Schema: public; Owner: postgres
--

SELECT pg_catalog.setval('public.auth_group_permissions_id_seq', 1, false);


--
-- Name: auth_permission_id_seq; Type: SEQUENCE SET; Schema: public; Owner: postgres
--

SELECT pg_catalog.setval('public.auth_permission_id_seq', 44, true);


--
-- Name: auth_user_groups_id_seq; Type: SEQUENCE SET; Schema: public; Owner: postgres
--

SELECT pg_catalog.setval('public.auth_user_groups_id_seq', 1, false);


--
-- Name: auth_user_id_seq; Type: SEQUENCE SET; Schema: public; Owner: postgres
--

SELECT pg_catalog.setval('public.auth_user_id_seq', 1, true);


--
-- Name: auth_user_user_permissions_id_seq; Type: SEQUENCE SET; Schema: public; Owner: postgres
--

SELECT pg_catalog.setval('public.auth_user_user_permissions_id_seq', 1, false);


--
-- Name: autor_autor_id_seq; Type: SEQUENCE SET; Schema: public; Owner: postgres
--

SELECT pg_catalog.setval('public.autor_autor_id_seq', 6, true);


--
-- Name: django_admin_log_id_seq; Type: SEQUENCE SET; Schema: public; Owner: postgres
--

SELECT pg_catalog.setval('public.django_admin_log_id_seq', 47, true);


--
-- Name: django_content_type_id_seq; Type: SEQUENCE SET; Schema: public; Owner: postgres
--

SELECT pg_catalog.setval('public.django_content_type_id_seq', 11, true);


--
-- Name: django_migrations_id_seq; Type: SEQUENCE SET; Schema: public; Owner: postgres
--

SELECT pg_catalog.setval('public.django_migrations_id_seq', 28, true);


--
-- Name: lector_lector_id_seq; Type: SEQUENCE SET; Schema: public; Owner: postgres
--

SELECT pg_catalog.setval('public.lector_lector_id_seq', 10, true);


--
-- Name: lector_prestamo_id_seq; Type: SEQUENCE SET; Schema: public; Owner: postgres
--

SELECT pg_catalog.setval('public.lector_prestamo_id_seq', 11, true);


--
-- Name: libro_categoria_id_seq; Type: SEQUENCE SET; Schema: public; Owner: postgres
--

SELECT pg_catalog.setval('public.libro_categoria_id_seq', 10, true);


--
-- Name: libro_libro_autores_id_seq; Type: SEQUENCE SET; Schema: public; Owner: postgres
--

SELECT pg_catalog.setval('public.libro_libro_autores_id_seq', 21, true);


--
-- Name: libro_libro_id_seq; Type: SEQUENCE SET; Schema: public; Owner: postgres
--

SELECT pg_catalog.setval('public.libro_libro_id_seq', 10, true);


--
-- Name: auth_group auth_group_name_key; Type: CONSTRAINT; Schema: public; Owner: postgres
--

ALTER TABLE ONLY public.auth_group
    ADD CONSTRAINT auth_group_name_key UNIQUE (name);


--
-- Name: auth_group_permissions auth_group_permissions_group_id_permission_id_0cd325b0_uniq; Type: CONSTRAINT; Schema: public; Owner: postgres
--

ALTER TABLE ONLY public.auth_group_permissions
    ADD CONSTRAINT auth_group_permissions_group_id_permission_id_0cd325b0_uniq UNIQUE (group_id, permission_id);


--
-- Name: auth_group_permissions auth_group_permissions_pkey; Type: CONSTRAINT; Schema: public; Owner: postgres
--

ALTER TABLE ONLY public.auth_group_permissions
    ADD CONSTRAINT auth_group_permissions_pkey PRIMARY KEY (id);


--
-- Name: auth_group auth_group_pkey; Type: CONSTRAINT; Schema: public; Owner: postgres
--

ALTER TABLE ONLY public.auth_group
    ADD CONSTRAINT auth_group_pkey PRIMARY KEY (id);


--
-- Name: auth_permission auth_permission_content_type_id_codename_01ab375a_uniq; Type: CONSTRAINT; Schema: public; Owner: postgres
--

ALTER TABLE ONLY public.auth_permission
    ADD CONSTRAINT auth_permission_content_type_id_codename_01ab375a_uniq UNIQUE (content_type_id, codename);


--
-- Name: auth_permission auth_permission_pkey; Type: CONSTRAINT; Schema: public; Owner: postgres
--

ALTER TABLE ONLY public.auth_permission
    ADD CONSTRAINT auth_permission_pkey PRIMARY KEY (id);


--
-- Name: auth_user_groups auth_user_groups_pkey; Type: CONSTRAINT; Schema: public; Owner: postgres
--

ALTER TABLE ONLY public.auth_user_groups
    ADD CONSTRAINT auth_user_groups_pkey PRIMARY KEY (id);


--
-- Name: auth_user_groups auth_user_groups_user_id_group_id_94350c0c_uniq; Type: CONSTRAINT; Schema: public; Owner: postgres
--

ALTER TABLE ONLY public.auth_user_groups
    ADD CONSTRAINT auth_user_groups_user_id_group_id_94350c0c_uniq UNIQUE (user_id, group_id);


--
-- Name: auth_user auth_user_pkey; Type: CONSTRAINT; Schema: public; Owner: postgres
--

ALTER TABLE ONLY public.auth_user
    ADD CONSTRAINT auth_user_pkey PRIMARY KEY (id);


--
-- Name: auth_user_user_permissions auth_user_user_permissions_pkey; Type: CONSTRAINT; Schema: public; Owner: postgres
--

ALTER TABLE ONLY public.auth_user_user_permissions
    ADD CONSTRAINT auth_user_user_permissions_pkey PRIMARY KEY (id);


--
-- Name: auth_user_user_permissions auth_user_user_permissions_user_id_permission_id_14a6b632_uniq; Type: CONSTRAINT; Schema: public; Owner: postgres
--

ALTER TABLE ONLY public.auth_user_user_permissions
    ADD CONSTRAINT auth_user_user_permissions_user_id_permission_id_14a6b632_uniq UNIQUE (user_id, permission_id);


--
-- Name: auth_user auth_user_username_key; Type: CONSTRAINT; Schema: public; Owner: postgres
--

ALTER TABLE ONLY public.auth_user
    ADD CONSTRAINT auth_user_username_key UNIQUE (username);


--
-- Name: autor_autor autor_autor_pkey; Type: CONSTRAINT; Schema: public; Owner: postgres
--

ALTER TABLE ONLY public.autor_autor
    ADD CONSTRAINT autor_autor_pkey PRIMARY KEY (id);


--
-- Name: django_admin_log django_admin_log_pkey; Type: CONSTRAINT; Schema: public; Owner: postgres
--

ALTER TABLE ONLY public.django_admin_log
    ADD CONSTRAINT django_admin_log_pkey PRIMARY KEY (id);


--
-- Name: django_content_type django_content_type_app_label_model_76bd3d3b_uniq; Type: CONSTRAINT; Schema: public; Owner: postgres
--

ALTER TABLE ONLY public.django_content_type
    ADD CONSTRAINT django_content_type_app_label_model_76bd3d3b_uniq UNIQUE (app_label, model);


--
-- Name: django_content_type django_content_type_pkey; Type: CONSTRAINT; Schema: public; Owner: postgres
--

ALTER TABLE ONLY public.django_content_type
    ADD CONSTRAINT django_content_type_pkey PRIMARY KEY (id);


--
-- Name: django_migrations django_migrations_pkey; Type: CONSTRAINT; Schema: public; Owner: postgres
--

ALTER TABLE ONLY public.django_migrations
    ADD CONSTRAINT django_migrations_pkey PRIMARY KEY (id);


--
-- Name: django_session django_session_pkey; Type: CONSTRAINT; Schema: public; Owner: postgres
--

ALTER TABLE ONLY public.django_session
    ADD CONSTRAINT django_session_pkey PRIMARY KEY (session_key);


--
-- Name: lector_lector lector_lector_pkey; Type: CONSTRAINT; Schema: public; Owner: postgres
--

ALTER TABLE ONLY public.lector_lector
    ADD CONSTRAINT lector_lector_pkey PRIMARY KEY (id);


--
-- Name: lector_prestamo lector_prestamo_pkey; Type: CONSTRAINT; Schema: public; Owner: postgres
--

ALTER TABLE ONLY public.lector_prestamo
    ADD CONSTRAINT lector_prestamo_pkey PRIMARY KEY (id);


--
-- Name: libro_categoria libro_categoria_pkey; Type: CONSTRAINT; Schema: public; Owner: postgres
--

ALTER TABLE ONLY public.libro_categoria
    ADD CONSTRAINT libro_categoria_pkey PRIMARY KEY (id);


--
-- Name: libro_libro_autores libro_libro_autores_libro_id_autor_id_be0815cf_uniq; Type: CONSTRAINT; Schema: public; Owner: postgres
--

ALTER TABLE ONLY public.libro_libro_autores
    ADD CONSTRAINT libro_libro_autores_libro_id_autor_id_be0815cf_uniq UNIQUE (libro_id, autor_id);


--
-- Name: libro_libro_autores libro_libro_autores_pkey; Type: CONSTRAINT; Schema: public; Owner: postgres
--

ALTER TABLE ONLY public.libro_libro_autores
    ADD CONSTRAINT libro_libro_autores_pkey PRIMARY KEY (id);


--
-- Name: libro_libro libro_libro_pkey; Type: CONSTRAINT; Schema: public; Owner: postgres
--

ALTER TABLE ONLY public.libro_libro
    ADD CONSTRAINT libro_libro_pkey PRIMARY KEY (id);


--
-- Name: auth_group_name_a6ea08ec_like; Type: INDEX; Schema: public; Owner: postgres
--

CREATE INDEX auth_group_name_a6ea08ec_like ON public.auth_group USING btree (name varchar_pattern_ops);


--
-- Name: auth_group_permissions_group_id_b120cbf9; Type: INDEX; Schema: public; Owner: postgres
--

CREATE INDEX auth_group_permissions_group_id_b120cbf9 ON public.auth_group_permissions USING btree (group_id);


--
-- Name: auth_group_permissions_permission_id_84c5c92e; Type: INDEX; Schema: public; Owner: postgres
--

CREATE INDEX auth_group_permissions_permission_id_84c5c92e ON public.auth_group_permissions USING btree (permission_id);


--
-- Name: auth_permission_content_type_id_2f476e4b; Type: INDEX; Schema: public; Owner: postgres
--

CREATE INDEX auth_permission_content_type_id_2f476e4b ON public.auth_permission USING btree (content_type_id);


--
-- Name: auth_user_groups_group_id_97559544; Type: INDEX; Schema: public; Owner: postgres
--

CREATE INDEX auth_user_groups_group_id_97559544 ON public.auth_user_groups USING btree (group_id);


--
-- Name: auth_user_groups_user_id_6a12ed8b; Type: INDEX; Schema: public; Owner: postgres
--

CREATE INDEX auth_user_groups_user_id_6a12ed8b ON public.auth_user_groups USING btree (user_id);


--
-- Name: auth_user_user_permissions_permission_id_1fbb5f2c; Type: INDEX; Schema: public; Owner: postgres
--

CREATE INDEX auth_user_user_permissions_permission_id_1fbb5f2c ON public.auth_user_user_permissions USING btree (permission_id);


--
-- Name: auth_user_user_permissions_user_id_a95ead1b; Type: INDEX; Schema: public; Owner: postgres
--

CREATE INDEX auth_user_user_permissions_user_id_a95ead1b ON public.auth_user_user_permissions USING btree (user_id);


--
-- Name: auth_user_username_6821ab7c_like; Type: INDEX; Schema: public; Owner: postgres
--

CREATE INDEX auth_user_username_6821ab7c_like ON public.auth_user USING btree (username varchar_pattern_ops);


--
-- Name: django_admin_log_content_type_id_c4bce8eb; Type: INDEX; Schema: public; Owner: postgres
--

CREATE INDEX django_admin_log_content_type_id_c4bce8eb ON public.django_admin_log USING btree (content_type_id);


--
-- Name: django_admin_log_user_id_c564eba6; Type: INDEX; Schema: public; Owner: postgres
--

CREATE INDEX django_admin_log_user_id_c564eba6 ON public.django_admin_log USING btree (user_id);


--
-- Name: django_session_expire_date_a5c62663; Type: INDEX; Schema: public; Owner: postgres
--

CREATE INDEX django_session_expire_date_a5c62663 ON public.django_session USING btree (expire_date);


--
-- Name: django_session_session_key_c0390e0f_like; Type: INDEX; Schema: public; Owner: postgres
--

CREATE INDEX django_session_session_key_c0390e0f_like ON public.django_session USING btree (session_key varchar_pattern_ops);


--
-- Name: lector_prestamo_lector_id_a0108599; Type: INDEX; Schema: public; Owner: postgres
--

CREATE INDEX lector_prestamo_lector_id_a0108599 ON public.lector_prestamo USING btree (lector_id);


--
-- Name: lector_prestamo_libro_id_c94b640a; Type: INDEX; Schema: public; Owner: postgres
--

CREATE INDEX lector_prestamo_libro_id_c94b640a ON public.lector_prestamo USING btree (libro_id);


--
-- Name: libro_libro_autores_autor_id_75c78bd2; Type: INDEX; Schema: public; Owner: postgres
--

CREATE INDEX libro_libro_autores_autor_id_75c78bd2 ON public.libro_libro_autores USING btree (autor_id);


--
-- Name: libro_libro_autores_libro_id_f32f518c; Type: INDEX; Schema: public; Owner: postgres
--

CREATE INDEX libro_libro_autores_libro_id_f32f518c ON public.libro_libro_autores USING btree (libro_id);


--
-- Name: libro_libro_categoria_id_5981495f; Type: INDEX; Schema: public; Owner: postgres
--

CREATE INDEX libro_libro_categoria_id_5981495f ON public.libro_libro USING btree (categoria_id);


--
-- Name: libro_titulo_idx; Type: INDEX; Schema: public; Owner: postgres
--

CREATE INDEX libro_titulo_idx ON public.libro_libro USING gin (titulo public.gin_trgm_ops);


--
-- Name: auth_group_permissions auth_group_permissio_permission_id_84c5c92e_fk_auth_perm; Type: FK CONSTRAINT; Schema: public; Owner: postgres
--

ALTER TABLE ONLY public.auth_group_permissions
    ADD CONSTRAINT auth_group_permissio_permission_id_84c5c92e_fk_auth_perm FOREIGN KEY (permission_id) REFERENCES public.auth_permission(id) DEFERRABLE INITIALLY DEFERRED;


--
-- Name: auth_group_permissions auth_group_permissions_group_id_b120cbf9_fk_auth_group_id; Type: FK CONSTRAINT; Schema: public; Owner: postgres
--

ALTER TABLE ONLY public.auth_group_permissions
    ADD CONSTRAINT auth_group_permissions_group_id_b120cbf9_fk_auth_group_id FOREIGN KEY (group_id) REFERENCES public.auth_group(id) DEFERRABLE INITIALLY DEFERRED;


--
-- Name: auth_permission auth_permission_content_type_id_2f476e4b_fk_django_co; Type: FK CONSTRAINT; Schema: public; Owner: postgres
--

ALTER TABLE ONLY public.auth_permission
    ADD CONSTRAINT auth_permission_content_type_id_2f476e4b_fk_django_co FOREIGN KEY (content_type_id) REFERENCES public.django_content_type(id) DEFERRABLE INITIALLY DEFERRED;


--
-- Name: auth_user_groups auth_user_groups_group_id_97559544_fk_auth_group_id; Type: FK CONSTRAINT; Schema: public; Owner: postgres
--

ALTER TABLE ONLY public.auth_user_groups
    ADD CONSTRAINT auth_user_groups_group_id_97559544_fk_auth_group_id FOREIGN KEY (group_id) REFERENCES public.auth_group(id) DEFERRABLE INITIALLY DEFERRED;


--
-- Name: auth_user_groups auth_user_groups_user_id_6a12ed8b_fk_auth_user_id; Type: FK CONSTRAINT; Schema: public; Owner: postgres
--

ALTER TABLE ONLY public.auth_user_groups
    ADD CONSTRAINT auth_user_groups_user_id_6a12ed8b_fk_auth_user_id FOREIGN KEY (user_id) REFERENCES public.auth_user(id) DEFERRABLE INITIALLY DEFERRED;


--
-- Name: auth_user_user_permissions auth_user_user_permi_permission_id_1fbb5f2c_fk_auth_perm; Type: FK CONSTRAINT; Schema: public; Owner: postgres
--

ALTER TABLE ONLY public.auth_user_user_permissions
    ADD CONSTRAINT auth_user_user_permi_permission_id_1fbb5f2c_fk_auth_perm FOREIGN KEY (permission_id) REFERENCES public.auth_permission(id) DEFERRABLE INITIALLY DEFERRED;


--
-- Name: auth_user_user_permissions auth_user_user_permissions_user_id_a95ead1b_fk_auth_user_id; Type: FK CONSTRAINT; Schema: public; Owner: postgres
--

ALTER TABLE ONLY public.auth_user_user_permissions
    ADD CONSTRAINT auth_user_user_permissions_user_id_a95ead1b_fk_auth_user_id FOREIGN KEY (user_id) REFERENCES public.auth_user(id) DEFERRABLE INITIALLY DEFERRED;


--
-- Name: django_admin_log django_admin_log_content_type_id_c4bce8eb_fk_django_co; Type: FK CONSTRAINT; Schema: public; Owner: postgres
--

ALTER TABLE ONLY public.django_admin_log
    ADD CONSTRAINT django_admin_log_content_type_id_c4bce8eb_fk_django_co FOREIGN KEY (content_type_id) REFERENCES public.django_content_type(id) DEFERRABLE INITIALLY DEFERRED;


--
-- Name: django_admin_log django_admin_log_user_id_c564eba6_fk_auth_user_id; Type: FK CONSTRAINT; Schema: public; Owner: postgres
--

ALTER TABLE ONLY public.django_admin_log
    ADD CONSTRAINT django_admin_log_user_id_c564eba6_fk_auth_user_id FOREIGN KEY (user_id) REFERENCES public.auth_user(id) DEFERRABLE INITIALLY DEFERRED;


--
-- Name: lector_prestamo lector_prestamo_lector_id_a0108599_fk_lector_lector_id; Type: FK CONSTRAINT; Schema: public; Owner: postgres
--

ALTER TABLE ONLY public.lector_prestamo
    ADD CONSTRAINT lector_prestamo_lector_id_a0108599_fk_lector_lector_id FOREIGN KEY (lector_id) REFERENCES public.lector_lector(id) DEFERRABLE INITIALLY DEFERRED;


--
-- Name: lector_prestamo lector_prestamo_libro_id_c94b640a_fk_libro_libro_id; Type: FK CONSTRAINT; Schema: public; Owner: postgres
--

ALTER TABLE ONLY public.lector_prestamo
    ADD CONSTRAINT lector_prestamo_libro_id_c94b640a_fk_libro_libro_id FOREIGN KEY (libro_id) REFERENCES public.libro_libro(id) DEFERRABLE INITIALLY DEFERRED;


--
-- Name: libro_libro_autores libro_libro_autores_autor_id_75c78bd2_fk_autor_autor_id; Type: FK CONSTRAINT; Schema: public; Owner: postgres
--

ALTER TABLE ONLY public.libro_libro_autores
    ADD CONSTRAINT libro_libro_autores_autor_id_75c78bd2_fk_autor_autor_id FOREIGN KEY (autor_id) REFERENCES public.autor_autor(id) DEFERRABLE INITIALLY DEFERRED;


--
-- Name: libro_libro_autores libro_libro_autores_libro_id_f32f518c_fk_libro_libro_id; Type: FK CONSTRAINT; Schema: public; Owner: postgres
--

ALTER TABLE ONLY public.libro_libro_autores
    ADD CONSTRAINT libro_libro_autores_libro_id_f32f518c_fk_libro_libro_id FOREIGN KEY (libro_id) REFERENCES public.libro_libro(id) DEFERRABLE INITIALLY DEFERRED;


--
-- Name: libro_libro libro_libro_categoria_id_5981495f_fk_libro_categoria_id; Type: FK CONSTRAINT; Schema: public; Owner: postgres
--

ALTER TABLE ONLY public.libro_libro
    ADD CONSTRAINT libro_libro_categoria_id_5981495f_fk_libro_categoria_id FOREIGN KEY (categoria_id) REFERENCES public.libro_categoria(id) DEFERRABLE INITIALLY DEFERRED;


--
-- PostgreSQL database dump complete
--

